algorithm,distribution,n,queries,reps,median_ns_per_query,min_ns_per_query
textbook::binary_search,uniform,1024,65536,98,31.1661,29.4342
std::lower_bound,uniform,1024,65536,86,35.5804,33.9203
branchless_lower_bound,uniform,1024,65536,409,6.88324,6.73828
textbook::interpolation_search,uniform,1024,65536,411,7.2876,6.42853
interpolation_search,uniform,1024,65536,411,7.33337,6.68793
eytzinger_index,uniform,1024,65536,463,6.21643,6.15845
textbook::binary_search,uniform,2048,65536,88,34.7214,32.8201
std::lower_bound,uniform,2048,65536,80,37.9257,36.5082
branchless_lower_bound,uniform,2048,65536,343,8.71124,7.75299
textbook::interpolation_search,uniform,2048,65536,456,6.61469,5.95093
interpolation_search,uniform,2048,65536,476,6.1264,5.80902
eytzinger_index,uniform,2048,65536,364,7.58972,6.95648
textbook::binary_search,uniform,4096,65536,75,40.451,38.414
std::lower_bound,uniform,4096,65536,72,42.6041,39.5523
branchless_lower_bound,uniform,4096,65536,309,9.62067,8.64716
textbook::interpolation_search,uniform,4096,65536,418,7.24487,6.59332
interpolation_search,uniform,4096,65536,429,6.7749,6.59637
eytzinger_index,uniform,4096,65536,365,8.00629,7.92999
textbook::binary_search,uniform,8192,65536,71,43.2312,41.1423
std::lower_bound,uniform,8192,65536,68,45.0714,42.9047
branchless_lower_bound,uniform,8192,65536,298,9.758,9.54132
textbook::interpolation_search,uniform,8192,65536,499,5.92346,5.45807
interpolation_search,uniform,8192,65536,466,6.22711,6.01044
eytzinger_index,uniform,8192,65536,290,10.3897,8.85773
textbook::binary_search,uniform,16384,65536,61,49.8825,48.0209
std::lower_bound,uniform,16384,65536,61,49.6597,47.8226
branchless_lower_bound,uniform,16384,65536,242,11.6989,11.5356
textbook::interpolation_search,uniform,16384,65536,1142,2.53296,2.49329
interpolation_search,uniform,16384,65536,846,3.37982,3.19214
eytzinger_index,uniform,16384,65536,275,10.5179,10.025
textbook::binary_search,uniform,32768,65536,53,57.1457,54.744
std::lower_bound,uniform,32768,65536,52,58.9127,55.777
branchless_lower_bound,uniform,32768,65536,190,15.5548,14.2334
textbook::interpolation_search,uniform,32768,65536,410,7.36694,6.82678
interpolation_search,uniform,32768,65536,408,7.29523,7.05566
eytzinger_index,uniform,32768,65536,259,11.2625,11.0184
textbook::binary_search,uniform,65536,65536,49,62.8525,61.1816
std::lower_bound,uniform,65536,65536,47,65.8112,62.8082
branchless_lower_bound,uniform,65536,65536,158,18.8751,17.2577
textbook::interpolation_search,uniform,65536,65536,505,5.92957,5.64728
interpolation_search,uniform,65536,65536,495,5.91431,5.7373
eytzinger_index,uniform,65536,65536,213,13.4598,12.1811
textbook::binary_search,uniform,131072,65536,42,72.9462,70.1126
std::lower_bound,uniform,131072,65536,43,71.1731,69.2719
branchless_lower_bound,uniform,131072,65536,136,22.0047,20.4437
textbook::interpolation_search,uniform,131072,65536,745,3.88794,3.83148
interpolation_search,uniform,131072,65536,619,4.62036,4.5105
eytzinger_index,uniform,131072,65536,194,15.0726,13.4064
textbook::binary_search,uniform,262144,65536,37,82.1609,79.6402
std::lower_bound,uniform,262144,65536,38,80.1376,75.4135
branchless_lower_bound,uniform,262144,65536,111,25.7553,24.4019
textbook::interpolation_search,uniform,262144,65536,485,6.00128,5.70831
interpolation_search,uniform,262144,65536,459,6.43616,6.26526
eytzinger_index,uniform,262144,65536,188,16.0522,14.2944
textbook::binary_search,uniform,524288,65536,30,102.855,98.2117
std::lower_bound,uniform,524288,65536,31,101.445,96.402
branchless_lower_bound,uniform,524288,65536,76,39.4653,35.6262
textbook::interpolation_search,uniform,524288,65536,520,5.54504,5.17273
interpolation_search,uniform,524288,65536,486,6.0379,5.92957
eytzinger_index,uniform,524288,65536,171,17.0532,16.1224
textbook::binary_search,uniform,1048576,65536,26,119.688,116.132
std::lower_bound,uniform,1048576,65536,26,117.191,112.819
branchless_lower_bound,uniform,1048576,65536,58,48.5748,43.4891
textbook::interpolation_search,uniform,1048576,65536,310,9.5871,8.59985
interpolation_search,uniform,1048576,65536,279,10.6201,8.9447
eytzinger_index,uniform,1048576,65536,131,20.3934,18.0054
textbook::binary_search,uniform,2097152,65536,24,131.125,129.405
std::lower_bound,uniform,2097152,65536,23,133.516,130.098
branchless_lower_bound,uniform,2097152,65536,58,52.6642,49.9069
textbook::interpolation_search,uniform,2097152,65536,356,8.11157,7.10754
interpolation_search,uniform,2097152,65536,358,8.30536,7.40204
eytzinger_index,uniform,2097152,65536,135,22.3175,20.1675
textbook::binary_search,uniform,4194304,65536,21,146.069,144.749
std::lower_bound,uniform,4194304,65536,21,145.879,142.624
branchless_lower_bound,uniform,4194304,65536,48,63.2919,59.4803
textbook::interpolation_search,uniform,4194304,65536,357,8.39081,7.71027
interpolation_search,uniform,4194304,65536,348,8.35571,8.02917
eytzinger_index,uniform,4194304,65536,122,24.5819,21.8292
textbook::binary_search,uniform,8388608,65536,19,166.704,159.512
std::lower_bound,uniform,8388608,65536,19,160.718,159.015
branchless_lower_bound,uniform,8388608,65536,46,67.453,64.2822
textbook::interpolation_search,uniform,8388608,65536,368,8.0307,7.19147
interpolation_search,uniform,8388608,65536,367,8.21533,7.47986
eytzinger_index,uniform,8388608,65536,113,25.7706,23.9578
textbook::binary_search,uniform,16777216,65536,18,178.45,161.494
std::lower_bound,uniform,16777216,65536,16,195.816,187.114
branchless_lower_bound,uniform,16777216,65536,37,78.4821,73.2101
textbook::interpolation_search,uniform,16777216,65536,349,8.53577,7.54547
interpolation_search,uniform,16777216,65536,332,8.88519,7.83386
eytzinger_index,uniform,16777216,65536,106,27.8976,26.5244
textbook::binary_search,uniform,33554432,65536,12,274.953,262.196
std::lower_bound,uniform,33554432,65536,11,301.407,285.58
branchless_lower_bound,uniform,33554432,65536,21,156.062,123.3
textbook::interpolation_search,uniform,33554432,65536,286,10.5515,9.56421
interpolation_search,uniform,33554432,65536,274,11.084,10.228
eytzinger_index,uniform,33554432,65536,64,47.0413,41.1499
textbook::binary_search,uniform,67108864,65536,9,370.032,360.898
std::lower_bound,uniform,67108864,65536,8,397.42,375.435
branchless_lower_bound,uniform,67108864,65536,15,205.519,176.779
textbook::interpolation_search,uniform,67108864,65536,337,8.81195,7.95746
interpolation_search,uniform,67108864,65536,303,9.79767,8.83331
eytzinger_index,uniform,67108864,65536,53,56.0257,46.196
textbook::binary_search,skewed,1024,65536,106,28.6926,27.5589
std::lower_bound,skewed,1024,65536,89,34.0118,32.3059
branchless_lower_bound,skewed,1024,65536,406,7.21436,6.73676
textbook::interpolation_search,skewed,1024,65536,5,1113.09,1095.81
interpolation_search,skewed,1024,65536,64,48.0911,47.2717
eytzinger_index,skewed,1024,65536,351,7.54089,6.96106
textbook::binary_search,skewed,2048,65536,94,32.5516,31.1462
std::lower_bound,skewed,2048,65536,84,36.1984,35.3668
branchless_lower_bound,skewed,2048,65536,347,8.12073,7.75604
textbook::interpolation_search,skewed,2048,65536,5,1860.44,1854.7
interpolation_search,skewed,2048,65536,61,50.087,48.822
eytzinger_index,skewed,2048,65536,364,7.96814,7.75757
textbook::binary_search,skewed,4096,65536,85,36.174,34.7397
std::lower_bound,skewed,4096,65536,77,39.7079,38.2965
branchless_lower_bound,skewed,4096,65536,304,9.28497,8.6319
textbook::interpolation_search,skewed,4096,65536,5,3127.09,3087.56
interpolation_search,skewed,4096,65536,59,51.4801,50.6363
eytzinger_index,skewed,4096,65536,324,9.01337,8.79211
textbook::binary_search,skewed,8192,65536,73,41.9495,40.1321
std::lower_bound,skewed,8192,65536,70,43.0649,41.1972
branchless_lower_bound,skewed,8192,65536,285,10.1196,9.50317
textbook::interpolation_search,skewed,8192,65536,5,5112.3,5097.73
interpolation_search,skewed,8192,65536,57,54.0573,53.476
eytzinger_index,skewed,8192,65536,280,10.5637,9.72748
textbook::binary_search,skewed,16384,65536,67,45.874,43.2877
std::lower_bound,skewed,16384,65536,63,47.995,45.9229
branchless_lower_bound,skewed,16384,65536,238,12.5381,11.5906
textbook::interpolation_search,skewed,16384,65536,5,8570.63,8517.32
interpolation_search,skewed,16384,65536,52,58.6746,57.7286
eytzinger_index,skewed,16384,65536,254,11.2503,10.8704
textbook::binary_search,skewed,32768,65536,58,52.7145,50.647
std::lower_bound,skewed,32768,65536,54,56.3461,54.5502
branchless_lower_bound,skewed,32768,65536,185,15.6357,14.2227
textbook::interpolation_search,skewed,32768,65536,5,14117.4,14084.9
interpolation_search,skewed,32768,65536,47,63.5513,62.3871
eytzinger_index,skewed,32768,65536,228,12.7899,11.9644
textbook::binary_search,skewed,65536,65536,52,58.2581,56.8039
std::lower_bound,skewed,65536,65536,49,62.4039,59.5901
branchless_lower_bound,skewed,65536,65536,150,19.8853,17.3447
textbook::interpolation_search,skewed,65536,65536,5,23430.9,23361.7
interpolation_search,skewed,65536,65536,45,67.2745,66.011
eytzinger_index,skewed,65536,65536,170,16.2048,13.3087
textbook::binary_search,skewed,131072,65536,44,69.0231,65.3473
std::lower_bound,skewed,131072,65536,43,70.4544,65.3015
branchless_lower_bound,skewed,131072,65536,138,21.4981,20.462
interpolation_search,skewed,131072,65536,43,72.081,69.4092
eytzinger_index,skewed,131072,65536,187,15.9973,14.2075
textbook::binary_search,skewed,262144,65536,44,69.7266,67.5949
std::lower_bound,skewed,262144,65536,41,75.4379,72.1863
branchless_lower_bound,skewed,262144,65536,118,25.2716,23.8617
interpolation_search,skewed,262144,65536,37,79.6234,75.5234
eytzinger_index,skewed,262144,65536,181,16.1789,15.2878
textbook::binary_search,skewed,524288,65536,34,90.7196,86.5677
std::lower_bound,skewed,524288,65536,33,94.899,91.2323
branchless_lower_bound,skewed,524288,65536,82,37.1506,33.2794
interpolation_search,skewed,524288,65536,31,98.3658,95.5261
eytzinger_index,skewed,524288,65536,169,17.4408,16.9632
textbook::binary_search,skewed,1048576,65536,30,102.594,100.945
std::lower_bound,skewed,1048576,65536,28,110.968,108.549
branchless_lower_bound,skewed,1048576,65536,69,44.0704,40.979
interpolation_search,skewed,1048576,65536,27,112.488,108.047
eytzinger_index,skewed,1048576,65536,133,22.4518,19.3954
textbook::binary_search,skewed,2097152,65536,26,119.383,115.428
std::lower_bound,skewed,2097152,65536,25,125.726,121.474
branchless_lower_bound,skewed,2097152,65536,60,50.6088,48.7152
interpolation_search,skewed,2097152,65536,25,123.654,121.046
eytzinger_index,skewed,2097152,65536,127,23.4085,20.9793
textbook::binary_search,skewed,4194304,65536,24,131.427,127.023
std::lower_bound,skewed,4194304,65536,22,140.714,135.379
branchless_lower_bound,skewed,4194304,65536,50,60.8505,56.1707
interpolation_search,skewed,4194304,65536,22,137.444,132.75
eytzinger_index,skewed,4194304,65536,115,26.0544,22.4777
textbook::binary_search,skewed,8388608,65536,22,140.26,138.222
std::lower_bound,skewed,8388608,65536,20,152.226,150.461
branchless_lower_bound,skewed,8388608,65536,44,68.6066,63.6154
interpolation_search,skewed,8388608,65536,18,177.408,155.911
eytzinger_index,skewed,8388608,65536,113,26.0803,24.6674
textbook::binary_search,skewed,16777216,65536,17,179.817,167.853
std::lower_bound,skewed,16777216,65536,17,188.521,179.478
branchless_lower_bound,skewed,16777216,65536,38,80.4565,76.6495
interpolation_search,skewed,16777216,65536,15,201.204,185.068
eytzinger_index,skewed,16777216,65536,79,31.6055,29.1946
textbook::binary_search,skewed,33554432,65536,13,251.489,243.855
std::lower_bound,skewed,33554432,65536,12,273.026,262.259
branchless_lower_bound,skewed,33554432,65536,20,151.234,143.51
interpolation_search,skewed,33554432,65536,8,428.415,414.554
eytzinger_index,skewed,33554432,65536,63,46.9971,41.7908
textbook::binary_search,skewed,67108864,65536,10,302.113,283.574
std::lower_bound,skewed,67108864,65536,9,369.269,334.377
branchless_lower_bound,skewed,67108864,65536,14,206.14,181.024
interpolation_search,skewed,67108864,65536,6,525.822,489.24
eytzinger_index,skewed,67108864,65536,43,67.7002,62.7136
