algorithm,distribution,n,reps,median_ns,min_ns,ns_per_element,comparisons
std::sort,random,1024,8721,22800,21400,22.2656,13111
std::sort,random,2048,3834,51600,48500,25.1953,27988
std::sort,random,4096,1601,123800,116000,30.2246,61011
std::sort,random,8192,796,248500,235500,30.3345,128422
std::sort,random,16384,375,533800,504200,32.5806,279074
std::sort,random,32768,173,1153700,1104300,35.2081,612804
std::sort,random,65536,82,2436300,2326500,37.175,1249091
std::sort,random,131072,39,5160300,5060600,39.37,2706639
std::sort,random,262144,19,11036400,10834100,42.1005,5633460
std::sort,random,524288,9,23418000,22909600,44.6663,11814446
std::sort,random,1048576,5,49697900,48612600,47.3956,25273223
std::stable_sort,random,1024,8224,23900,22600,23.3398,10052
std::stable_sort,random,2048,3575,54700,52400,26.709,22134
std::stable_sort,random,4096,1561,125000,121200,30.5176,48211
std::stable_sort,random,8192,707,278200,265900,33.96,105044
std::stable_sort,random,16384,329,605800,583100,36.9751,226250
std::stable_sort,random,32768,154,1303300,1255100,39.7736,485050
std::stable_sort,random,65536,71,2828200,2787700,43.1549,1036198
std::stable_sort,random,131072,34,6018300,5916800,45.916,2203355
std::stable_sort,random,262144,16,12840200,12516400,48.9815,4669117
std::stable_sort,random,524288,8,27221200,26759600,51.9203,9862460
std::stable_sort,random,1048576,5,57411000,55933000,54.7514,20773575
insertion_sort,random,1024,3039,63900,58800,62.4023,259063
insertion_sort,random,2048,815,234800,213900,114.648,1047553
insertion_sort,random,4096,207,931300,853900,227.368,4157673
insertion_sort,random,8192,57,3525200,3343000,430.322,16708746
insertion_sort,random,16384,15,13420800,13296800,819.141,66995363
insertion_sort,random,32768,5,53862100,53456300,1643.74,268696353
textbook::merge_sort,random,1024,2519,76300,74200,74.5117,8946
textbook::merge_sort,random,2048,1231,158400,156100,77.3438,19980
textbook::merge_sort,random,4096,591,330900,326300,80.7861,43997
textbook::merge_sort,random,8192,282,691700,680200,84.436,96216
textbook::merge_sort,random,16384,139,1437500,1403600,87.738,208677
textbook::merge_sort,random,32768,66,2998800,2926400,91.5161,449992
textbook::merge_sort,random,65536,32,6392000,6130400,97.5342,965551
textbook::merge_sort,random,131072,16,12783600,12605700,97.5311,2062686
textbook::merge_sort,random,262144,8,26280300,26055500,100.251,4386952
textbook::merge_sort,random,524288,5,54681500,53832700,104.297,9298500
textbook::merge_sort,random,1048576,5,112578700,111751700,107.363,19645004
merge_sort,random,1024,9009,21700,20800,21.1914,13736
merge_sort,random,2048,3856,50500,49000,24.6582,29670
merge_sort,random,4096,1703,114600,112100,27.9785,63993
merge_sort,random,8192,775,254100,250100,31.0181,136418
merge_sort,random,16384,348,573600,551600,35.0098,288074
merge_sort,random,32768,158,1261000,1202200,38.4827,608160
merge_sort,random,65536,75,2674400,2603300,40.8081,1283868
merge_sort,random,131072,35,5758000,5614500,43.9301,2696858
merge_sort,random,262144,17,12485800,12138400,47.6295,5662922
merge_sort,random,524288,8,26677200,26156200,50.8827,11848198
merge_sort,random,1048576,5,55675300,55110200,53.0961,24741008
textbook::quick_sort,random,1024,8172,24000,22200,23.4375,11759
textbook::quick_sort,random,2048,3670,54100,49900,26.416,27135
textbook::quick_sort,random,4096,1629,120600,113500,29.4434,55366
textbook::quick_sort,random,8192,761,259700,247600,31.7017,114695
textbook::quick_sort,random,16384,356,560100,535500,34.1858,261896
textbook::quick_sort,random,32768,168,1193300,1140300,36.4166,579308
textbook::quick_sort,random,65536,79,2528600,2450500,38.5834,1250720
textbook::quick_sort,random,131072,38,5390600,5199000,41.127,2593630
textbook::quick_sort,random,262144,18,11479400,11204300,43.7904,5860880
textbook::quick_sort,random,524288,9,24398900,24168900,46.5372,11915488
textbook::quick_sort,random,1048576,5,50966000,50172700,48.605,25440847
quick_sort,random,1024,9491,20600,18800,20.1172,13524
quick_sort,random,2048,4223,46600,43800,22.7539,28021
quick_sort,random,4096,1861,104900,100000,25.6104,61750
quick_sort,random,8192,867,228600,216200,27.9053,139595
quick_sort,random,16384,381,525300,475400,32.0618,279577
quick_sort,random,32768,183,1093200,1026700,33.3618,615045
quick_sort,random,65536,87,2305800,2171100,35.1837,1346834
quick_sort,random,131072,42,4862500,4618300,37.0979,2850127
quick_sort,random,262144,20,10315500,10168500,39.3505,5785128
quick_sort,random,524288,10,21619600,21197300,41.2361,12309464
quick_sort,random,1048576,5,45539300,45401800,43.4297,25947244
intro_sort,random,1024,9481,20700,18700,20.2148,13524
intro_sort,random,2048,4212,46500,43700,22.7051,28021
intro_sort,random,4096,1791,105900,100000,25.8545,61750
intro_sort,random,8192,845,232200,217500,28.3447,139595
intro_sort,random,16384,393,505300,472400,30.8411,279577
intro_sort,random,32768,187,1067200,1024600,32.5684,615045
intro_sort,random,65536,89,2248300,2153100,34.3063,1346834
intro_sort,random,131072,42,4838200,4614700,36.9125,2850127
intro_sort,random,262144,20,10457200,10156300,39.8911,5785128
intro_sort,random,524288,10,21704700,21386200,41.3984,12309464
intro_sort,random,1048576,5,45717900,45163100,43.6,25947244
heap_sort,random,1024,5858,33800,32100,33.0078,17302
heap_sort,random,2048,2570,76500,72900,37.3535,38766
heap_sort,random,4096,1180,167700,160700,40.9424,85694
heap_sort,random,8192,545,363000,349000,44.3115,187608
heap_sort,random,16384,254,781300,749600,47.6868,408126
heap_sort,random,32768,120,1673000,1587900,51.0559,881519
heap_sort,random,65536,56,3548400,3453700,54.1443,1894867
heap_sort,random,131072,27,7583200,7411700,57.8552,4050898
heap_sort,random,262144,13,16061600,15973700,61.2701,8628077
heap_sort,random,524288,6,34690700,34309300,66.1673,18304043
heap_sort,random,1048576,5,74654600,74064300,71.1962,38705995
radix_sort,random,1024,10000,2800,2700,2.73438,
radix_sort,random,2048,10000,5200,5100,2.53906,
radix_sort,random,4096,10000,10300,10100,2.51465,
radix_sort,random,8192,9449,20700,20100,2.52686,
radix_sort,random,16384,4720,40200,39700,2.45361,
radix_sort,random,32768,2436,80200,79300,2.44751,
radix_sort,random,65536,1213,161300,159800,2.46124,
radix_sort,random,131072,585,334300,329600,2.55051,
radix_sort,random,262144,209,937200,897200,3.57513,
radix_sort,random,524288,101,1884600,1775700,3.59459,
radix_sort,random,1048576,55,3606700,3505500,3.43962,
std::sort,sorted,1024,10000,2400,2400,2.34375,10899
std::sort,sorted,2048,10000,5600,5400,2.73438,24853
std::sort,sorted,4096,10000,12500,12100,3.05176,55831
std::sort,sorted,8192,5674,31600,26600,3.85742,123929
std::sort,sorted,16384,3228,58900,58100,3.59497,272411
std::sort,sorted,32768,1490,127600,126300,3.89404,593949
std::sort,sorted,65536,686,278600,271800,4.2511,1286175
std::sort,sorted,131072,307,641600,584900,4.89502,2768929
std::sort,sorted,262144,147,1336600,1245900,5.09872,5931043
std::sort,sorted,524288,69,2790400,2652800,5.32227,12648485
std::sort,sorted,1048576,34,5841800,5644800,5.57117,26869799
std::stable_sort,sorted,1024,10000,1900,1800,1.85547,6142
std::stable_sort,sorted,2048,10000,3900,3600,1.9043,13310
std::stable_sort,sorted,4096,10000,8500,7800,2.0752,28668
std::stable_sort,sorted,8192,10000,16900,16000,2.06299,61438
std::stable_sort,sorted,16384,4531,40900,37700,2.49634,131070
std::stable_sort,sorted,32768,2397,78200,73700,2.38647,278524
std::stable_sort,sorted,65536,1054,176000,163000,2.68555,589822
std::stable_sort,sorted,131072,472,410600,364800,3.13263,1245182
std::stable_sort,sorted,262144,216,912800,801600,3.48206,2621436
std::stable_sort,sorted,524288,103,1921100,1719600,3.66421,5505022
std::stable_sort,sorted,1048576,45,4158700,3896500,3.96605,11534334
insertion_sort,sorted,1024,10000,400,300,0.390625,1023
insertion_sort,sorted,2048,10000,700,600,0.341797,2047
insertion_sort,sorted,4096,10000,1300,1200,0.317383,4095
insertion_sort,sorted,8192,10000,2400,2300,0.292969,8191
insertion_sort,sorted,16384,10000,6300,4700,0.384521,16383
insertion_sort,sorted,32768,10000,9700,9400,0.296021,32767
insertion_sort,sorted,65536,8655,23000,18700,0.350952,65535
insertion_sort,sorted,131072,4263,39000,37900,0.297546,131071
insertion_sort,sorted,262144,2047,100900,75700,0.384903,262143
insertion_sort,sorted,524288,1025,201100,150900,0.383568,524287
insertion_sort,sorted,1048576,529,362500,301300,0.345707,1048575
textbook::merge_sort,sorted,1024,3810,48300,47800,47.168,5120
textbook::merge_sort,sorted,2048,1972,96500,95600,47.1191,11264
textbook::merge_sort,sorted,4096,975,192600,191000,47.0215,24576
textbook::merge_sort,sorted,8192,499,390700,387000,47.6929,53248
textbook::merge_sort,sorted,16384,240,812900,783600,49.6155,114688
textbook::merge_sort,sorted,32768,121,1660200,1570300,50.6653,245760
textbook::merge_sort,sorted,65536,61,3266500,3151600,49.8428,524288
textbook::merge_sort,sorted,131072,30,6802400,6520000,51.8982,1114112
textbook::merge_sort,sorted,262144,15,13599700,13403900,51.8787,2359296
textbook::merge_sort,sorted,524288,8,27452000,27092900,52.3605,4980736
textbook::merge_sort,sorted,1048576,5,56473900,55239900,53.8577,10485760
merge_sort,sorted,1024,10000,700,700,0.683594,1023
merge_sort,sorted,2048,10000,1400,1300,0.683594,2047
merge_sort,sorted,4096,10000,2800,2700,0.683594,4095
merge_sort,sorted,8192,10000,5500,5400,0.671387,8191
merge_sort,sorted,16384,10000,11100,11000,0.67749,16383
merge_sort,sorted,32768,8821,22100,21900,0.674438,32767
merge_sort,sorted,65536,4417,43500,43300,0.663757,65535
merge_sort,sorted,131072,2133,87700,87200,0.669098,131071
merge_sort,sorted,262144,1066,177700,175400,0.677872,262143
merge_sort,sorted,524288,404,481500,459700,0.918388,524287
merge_sort,sorted,1048576,210,931500,899600,0.888348,1048575
textbook::quick_sort,sorted,1024,1436,135700,135000,132.52,523776
textbook::quick_sort,sorted,2048,362,540200,537100,263.77,2096128
textbook::quick_sort,sorted,4096,83,2180000,2139200,532.227,8386560
textbook::quick_sort,sorted,8192,23,8734700,8584000,1066.25,33550336
textbook::quick_sort,sorted,16384,6,35644500,35205100,2175.57,134209536
textbook::quick_sort,sorted,32768,5,144113600,141408500,4398,536854528
quick_sort,sorted,1024,10000,1500,1300,1.46484,6143
quick_sort,sorted,2048,10000,3300,3100,1.61133,14335
quick_sort,sorted,4096,10000,7500,7100,1.83105,32767
quick_sort,sorted,8192,10000,16400,15800,2.00195,73727
quick_sort,sorted,16384,5362,35900,35000,2.19116,163839
quick_sort,sorted,32768,2416,79400,76500,2.4231,360447
quick_sort,sorted,65536,1127,171800,165600,2.62146,786431
quick_sort,sorted,131072,525,373000,356500,2.84576,1703935
quick_sort,sorted,262144,242,807900,767700,3.08189,3670015
quick_sort,sorted,524288,114,1721700,1636300,3.28388,7864319
quick_sort,sorted,1048576,52,3851900,3581100,3.67346,16777215
intro_sort,sorted,1024,10000,1600,1400,1.5625,6143
intro_sort,sorted,2048,10000,3400,3200,1.66016,14335
intro_sort,sorted,4096,10000,7600,7300,1.85547,32767
intro_sort,sorted,8192,10000,17100,16200,2.0874,73727
intro_sort,sorted,16384,5168,37100,35900,2.2644,163839
intro_sort,sorted,32768,2268,83200,78100,2.53906,360447
intro_sort,sorted,65536,1057,181800,169200,2.77405,786431
intro_sort,sorted,131072,512,382600,364900,2.91901,1703935
intro_sort,sorted,262144,244,803900,780600,3.06664,3670015
intro_sort,sorted,524288,114,1744600,1660300,3.32756,7864319
intro_sort,sorted,1048576,55,3657900,3525300,3.48845,16777215
heap_sort,sorted,1024,10000,5400,5200,5.27344,18060
heap_sort,sorted,2048,10000,12300,11300,6.00586,40204
heap_sort,sorted,4096,2350,80200,67800,19.5801,88835
heap_sort,sorted,8192,922,211600,203200,25.8301,194316
heap_sort,sorted,16384,402,489100,456700,29.8523,421566
heap_sort,sorted,32768,205,962200,929300,29.364,908636
heap_sort,sorted,65536,102,1917400,1861400,29.2572,1948406
heap_sort,sorted,131072,52,3876400,3745400,29.5746,4162037
heap_sort,sorted,262144,26,7909100,7615800,30.1708,8849195
heap_sort,sorted,524288,12,16661900,15857400,31.7801,18755632
heap_sort,sorted,1048576,7,33197800,32677800,31.6599,39624024
radix_sort,sorted,1024,10000,1700,1600,1.66016,
radix_sort,sorted,2048,10000,3100,3000,1.51367,
radix_sort,sorted,4096,10000,5800,5600,1.41602,
radix_sort,sorted,8192,10000,11300,11100,1.37939,
radix_sort,sorted,16384,4380,46100,30000,2.81372,
radix_sort,sorted,32768,1976,106600,63700,3.25317,
radix_sort,sorted,65536,638,336600,151000,5.13611,
radix_sort,sorted,131072,119,1736500,1223200,13.2484,
radix_sort,sorted,262144,58,3469800,3318100,13.2362,
radix_sort,sorted,524288,29,6946200,6700200,13.2488,
radix_sort,sorted,1048576,13,15568400,14967400,14.8472,
std::sort,reversed,1024,10000,1600,1500,1.5625,8330
std::sort,reversed,2048,10000,3500,3400,1.70898,18698
std::sort,reversed,4096,10000,7900,7700,1.92871,41482
std::sort,reversed,8192,9814,19100,16900,2.33154,91146
std::sort,reversed,16384,4363,48300,37200,2.948,198666
std::sort,reversed,32768,2047,103300,81100,3.15247,430090
std::sort,reversed,65536,949,220000,175400,3.35693,925706
std::sort,reversed,131072,447,464000,377500,3.54004,1982474
std::sort,reversed,262144,211,968900,804300,3.69606,4227082
std::sort,reversed,524288,101,2033600,1717500,3.87878,8978442
std::sort,reversed,1048576,48,4310000,3700900,4.11034,19005450
std::stable_sort,reversed,1024,10000,3900,3700,3.80859,4390
std::stable_sort,reversed,2048,10000,7900,7600,3.85742,9804
std::stable_sort,reversed,4096,10000,16300,15900,3.97949,21654
std::stable_sort,reversed,8192,5696,33400,32700,4.07715,47398
std::stable_sort,reversed,16384,2724,69800,68600,4.26025,102988
std::stable_sort,reversed,32768,1289,143100,140500,4.36707,222358
std::stable_sort,reversed,65536,661,297700,292000,4.54254,477478
std::stable_sort,reversed,131072,304,635100,609200,4.84543,1020492
std::stable_sort,reversed,262144,136,1450000,1391400,5.53131,2172054
std::stable_sort,reversed,524288,64,3068600,2924300,5.85289,4606246
std::stable_sort,reversed,1048576,31,6462700,6095100,6.16331,9736780
insertion_sort,reversed,1024,1688,111900,111100,109.277,523776
insertion_sort,reversed,2048,456,425600,423800,207.812,2096128
insertion_sort,reversed,4096,116,1696400,1650500,414.16,8386560
insertion_sort,reversed,8192,28,7187700,6709600,877.405,33550336
insertion_sort,reversed,16384,8,27443700,26456500,1675.03,134209536
insertion_sort,reversed,32768,5,109240300,107706700,3333.75,536854528
textbook::merge_sort,reversed,1024,3965,49000,48300,47.8516,5120
textbook::merge_sort,reversed,2048,1982,96900,96200,47.3145,11264
textbook::merge_sort,reversed,4096,936,198200,191800,48.3887,24576
textbook::merge_sort,reversed,8192,484,394400,387200,48.1445,53248
textbook::merge_sort,reversed,16384,226,870000,783300,53.1006,114688
textbook::merge_sort,reversed,32768,121,1651200,1566500,50.3906,245760
textbook::merge_sort,reversed,65536,62,3247000,3152400,49.5453,524288
textbook::merge_sort,reversed,131072,31,6566400,6352300,50.0977,1114112
textbook::merge_sort,reversed,262144,15,13775600,13257000,52.5497,2359296
textbook::merge_sort,reversed,524288,8,28436100,26627400,54.2376,4980736
textbook::merge_sort,reversed,1048576,5,58216900,54423500,55.52,10485760
merge_sort,reversed,1024,10000,4400,4300,4.29688,18463
merge_sort,reversed,2048,10000,9200,8900,4.49219,37951
merge_sort,reversed,4096,10000,18900,18500,4.61426,77951
merge_sort,reversed,8192,4374,39200,38400,4.78516,159999
merge_sort,reversed,16384,2007,90500,79600,5.52368,328191
merge_sort,reversed,32768,1041,175000,163800,5.34058,672767
merge_sort,reversed,65536,523,351500,337900,5.36346,1378303
merge_sort,reversed,131072,243,767700,697300,5.85709,2822143
merge_sort,reversed,262144,119,1598100,1493000,6.09627,5775359
merge_sort,reversed,524288,52,3571700,3308500,6.81248,11812863
merge_sort,reversed,1048576,28,7297000,6961100,6.95896,24150015
textbook::quick_sort,reversed,1024,1512,126500,124800,123.535,523776
textbook::quick_sort,reversed,2048,380,500700,483600,244.482,2096128
textbook::quick_sort,reversed,4096,99,2014000,1905800,491.699,8386560
textbook::quick_sort,reversed,8192,25,8156100,7673800,995.618,33550336
textbook::quick_sort,reversed,16384,7,32137000,30926900,1961.49,134209536
textbook::quick_sort,reversed,32768,5,127074400,125368000,3878,536854528
quick_sort,reversed,1024,10000,1500,1300,1.46484,6145
quick_sort,reversed,2048,10000,3500,3100,1.70898,14337
quick_sort,reversed,4096,10000,7500,7000,1.83105,32769
quick_sort,reversed,8192,10000,17200,15500,2.09961,73729
quick_sort,reversed,16384,5282,36800,34100,2.24609,163841
quick_sort,reversed,32768,2439,79700,74800,2.43225,360449
quick_sort,reversed,65536,1112,175900,162800,2.68402,786433
quick_sort,reversed,131072,526,374100,352200,2.85416,1703937
quick_sort,reversed,262144,247,800600,761700,3.05405,3670017
quick_sort,reversed,524288,117,1702000,1627900,3.24631,7864321
quick_sort,reversed,1048576,55,3629500,3473100,3.46136,16777217
intro_sort,reversed,1024,10000,1600,1300,1.5625,6145
intro_sort,reversed,2048,10000,3500,3200,1.70898,14337
intro_sort,reversed,4096,10000,8100,7100,1.97754,32769
intro_sort,reversed,8192,10000,17500,15900,2.13623,73729
intro_sort,reversed,16384,5171,37800,35000,2.30713,163841
intro_sort,reversed,32768,2367,82900,76800,2.52991,360449
intro_sort,reversed,65536,1103,179300,166300,2.7359,786433
intro_sort,reversed,131072,516,381300,358800,2.90909,1703937
intro_sort,reversed,262144,239,820800,767400,3.1311,3670017
intro_sort,reversed,524288,116,1722300,1639900,3.28503,7864321
intro_sort,reversed,1048576,55,3643400,3507600,3.47462,16777217
heap_sort,reversed,1024,10000,4900,4600,4.78516,16407
heap_sort,reversed,2048,10000,11300,10300,5.51758,36973
heap_sort,reversed,4096,2174,88000,70700,21.4844,82304
heap_sort,reversed,8192,833,237500,221600,28.9917,180760
heap_sort,reversed,16384,388,510500,484400,31.1584,394520
heap_sort,reversed,32768,192,1035700,980300,31.6071,854980
heap_sort,reversed,65536,94,2120400,2027500,32.3547,1839970
heap_sort,reversed,131072,47,4262900,4124500,32.5233,3939957
heap_sort,reversed,262144,23,8777800,8448500,33.4846,8397651
heap_sort,reversed,524288,12,17418400,17109600,33.223,17868727
heap_sort,reversed,1048576,6,36072000,35513100,34.4009,37875507
radix_sort,reversed,1024,10000,1700,1600,1.66016,
radix_sort,reversed,2048,10000,3100,3000,1.51367,
radix_sort,reversed,4096,10000,5800,5600,1.41602,
radix_sort,reversed,8192,10000,11300,11100,1.37939,
radix_sort,reversed,16384,4359,46400,30800,2.83203,
radix_sort,reversed,32768,1871,109300,63500,3.33557,
radix_sort,reversed,65536,648,338200,145500,5.16052,
radix_sort,reversed,131072,118,1736400,1330600,13.2477,
radix_sort,reversed,262144,58,3427400,3301400,13.0745,
radix_sort,reversed,524288,30,6752400,6599800,12.8792,
radix_sort,reversed,1048576,13,15381900,15167000,14.6693,
std::sort,nearly_sorted,1024,10000,2700,2500,2.63672,11536
std::sort,nearly_sorted,2048,10000,6400,5900,3.125,25437
std::sort,nearly_sorted,4096,10000,14900,13700,3.6377,56518
std::sort,nearly_sorted,8192,5482,33900,31400,4.13818,124371
std::sort,nearly_sorted,16384,2222,83700,72200,5.10864,272985
std::sort,nearly_sorted,32768,1186,163300,155500,4.98352,594712
std::sort,nearly_sorted,65536,530,361900,338500,5.52216,1287951
std::sort,nearly_sorted,131072,237,822900,726100,6.27823,2661578
std::sort,nearly_sorted,262144,114,1708000,1544700,6.5155,5942677
std::sort,nearly_sorted,524288,49,4043000,3474100,7.71141,12570388
std::sort,nearly_sorted,1048576,26,7764400,7485200,7.40471,26799491
std::stable_sort,nearly_sorted,1024,10000,3200,2800,3.125,7385
std::stable_sort,nearly_sorted,2048,10000,6900,6200,3.36914,17858
std::stable_sort,nearly_sorted,4096,10000,15800,14000,3.85742,38703
std::stable_sort,nearly_sorted,8192,5166,34500,31300,4.21143,85985
std::stable_sort,nearly_sorted,16384,2351,78200,69500,4.77295,188744
std::stable_sort,nearly_sorted,32768,1092,168200,153600,5.13306,406922
std::stable_sort,nearly_sorted,65536,467,387600,316100,5.91431,880381
std::stable_sort,nearly_sorted,131072,243,807200,709800,6.15845,1898013
std::stable_sort,nearly_sorted,262144,112,1740400,1559200,6.6391,4042191
std::stable_sort,nearly_sorted,524288,56,3568800,3296400,6.80695,8603306
std::stable_sort,nearly_sorted,1048576,26,7862100,7079800,7.49788,18294253
insertion_sort,nearly_sorted,1024,10000,2300,1800,2.24609,5231
insertion_sort,nearly_sorted,2048,10000,7500,5000,3.66211,33021
insertion_sort,nearly_sorted,4096,7411,25300,17600,6.17676,117565
insertion_sort,nearly_sorted,8192,2053,93500,77900,11.4136,391766
insertion_sort,nearly_sorted,16384,507,384000,308700,23.4375,1722258
insertion_sort,nearly_sorted,32768,126,1577600,1341700,48.1445,6669172
textbook::merge_sort,nearly_sorted,1024,3497,50200,49300,49.0234,6462
textbook::merge_sort,nearly_sorted,2048,1757,100600,98400,49.1211,15688
textbook::merge_sort,nearly_sorted,4096,892,204500,199400,49.9268,35550
textbook::merge_sort,nearly_sorted,8192,458,412300,402500,50.3296,78652
textbook::merge_sort,nearly_sorted,16384,223,851100,815800,51.947,173986
textbook::merge_sort,nearly_sorted,32768,111,1746700,1640000,53.3051,379333
textbook::merge_sort,nearly_sorted,65536,56,3517200,3351400,53.6682,827151
textbook::merge_sort,nearly_sorted,131072,28,7145700,6832100,54.5174,1784719
textbook::merge_sort,nearly_sorted,262144,14,14708900,14138700,56.11,3825483
textbook::merge_sort,nearly_sorted,524288,7,30411900,29972600,58.0061,8171051
textbook::merge_sort,nearly_sorted,1048576,5,63011300,60540400,60.0923,17413724
merge_sort,nearly_sorted,1024,10000,2700,2400,2.63672,4602
merge_sort,nearly_sorted,2048,10000,6300,5200,3.07617,12119
merge_sort,nearly_sorted,4096,10000,14600,13400,3.56445,28503
merge_sort,nearly_sorted,8192,5263,34100,31700,4.1626,63642
merge_sort,nearly_sorted,16384,2261,77700,74200,4.74243,145235
merge_sort,nearly_sorted,32768,1018,180700,166000,5.51453,321102
merge_sort,nearly_sorted,65536,470,403800,363200,6.1615,710200
merge_sort,nearly_sorted,131072,223,854200,793900,6.51703,1550969
merge_sort,nearly_sorted,262144,100,1914300,1748000,7.30247,3352914
merge_sort,nearly_sorted,524288,45,4412400,3910600,8.41599,7230964
merge_sort,nearly_sorted,1048576,22,9313300,8663200,8.88186,15540454
textbook::quick_sort,nearly_sorted,1024,4220,42200,23500,41.2109,112757
textbook::quick_sort,nearly_sorted,2048,2082,85000,44900,41.5039,270867
textbook::quick_sort,nearly_sorted,4096,995,181500,86300,44.3115,374176
textbook::quick_sort,nearly_sorted,8192,411,437400,184800,53.3936,977470
textbook::quick_sort,nearly_sorted,16384,209,839400,322900,51.2329,2554946
textbook::quick_sort,nearly_sorted,32768,107,1673000,1075200,51.0559,6477420
quick_sort,nearly_sorted,1024,10000,1800,1500,1.75781,6746
quick_sort,nearly_sorted,2048,10000,4300,3700,2.09961,14425
quick_sort,nearly_sorted,4096,10000,9900,8700,2.41699,33378
quick_sort,nearly_sorted,8192,7797,23700,20800,2.89307,74225
quick_sort,nearly_sorted,16384,3418,54300,48000,3.31421,165716
quick_sort,nearly_sorted,32768,1652,116800,106000,3.56445,367301
quick_sort,nearly_sorted,65536,542,332000,232700,5.06592,799474
quick_sort,nearly_sorted,131072,312,610200,503900,4.65546,1736625
quick_sort,nearly_sorted,262144,158,1266300,1074400,4.83055,3732140
quick_sort,nearly_sorted,524288,71,2811500,2514700,5.36251,8470705
quick_sort,nearly_sorted,1048576,38,5297000,4952200,5.05161,17040420
intro_sort,nearly_sorted,1024,10000,1800,1600,1.75781,6746
intro_sort,nearly_sorted,2048,10000,4100,3600,2.00195,14425
intro_sort,nearly_sorted,4096,10000,9600,8700,2.34375,33378
intro_sort,nearly_sorted,8192,8493,22600,20500,2.75879,74225
intro_sort,nearly_sorted,16384,3634,51900,47300,3.16772,165716
intro_sort,nearly_sorted,32768,1662,115100,105100,3.51257,367301
intro_sort,nearly_sorted,65536,785,244800,227500,3.73535,799474
intro_sort,nearly_sorted,131072,370,528900,493000,4.03519,1736625
intro_sort,nearly_sorted,262144,168,1172400,1055500,4.47235,3732140
intro_sort,nearly_sorted,524288,74,2683300,2481600,5.11799,8470705
intro_sort,nearly_sorted,1048576,39,5176900,4863900,4.93708,17040420
heap_sort,nearly_sorted,1024,10000,18300,12600,17.8711,18037
heap_sort,nearly_sorted,2048,3433,55200,39800,26.9531,40242
heap_sort,nearly_sorted,4096,1730,110600,99700,27.002,88835
heap_sort,nearly_sorted,8192,808,240000,228300,29.2969,194240
heap_sort,nearly_sorted,16384,382,509000,476400,31.0669,421278
heap_sort,nearly_sorted,32768,188,1062200,971000,32.4158,908373
heap_sort,nearly_sorted,65536,94,2129200,1971800,32.489,1947869
heap_sort,nearly_sorted,131072,46,4389500,4146400,33.4892,4159106
heap_sort,nearly_sorted,262144,24,8637400,8274200,32.9491,8846190
heap_sort,nearly_sorted,524288,12,17865400,17176300,34.0755,18747955
heap_sort,nearly_sorted,1048576,6,35471300,34963900,33.8281,39626804
radix_sort,nearly_sorted,1024,10000,2200,2000,2.14844,
radix_sort,nearly_sorted,2048,10000,4100,3800,2.00195,
radix_sort,nearly_sorted,4096,10000,8000,7400,1.95312,
radix_sort,nearly_sorted,8192,10000,15600,15100,1.9043,
radix_sort,nearly_sorted,16384,3797,53800,38200,3.28369,
radix_sort,nearly_sorted,32768,1724,122000,79400,3.72314,
radix_sort,nearly_sorted,65536,645,324200,174500,4.9469,
radix_sort,nearly_sorted,131072,136,1554600,906500,11.8607,
radix_sort,nearly_sorted,262144,56,3556600,3409500,13.5674,
radix_sort,nearly_sorted,524288,28,7142000,6879700,13.6223,
radix_sort,nearly_sorted,1048576,14,15271200,14500300,14.5638,
std::sort,few_unique,1024,10000,12100,10900,11.8164,8898
std::sort,few_unique,2048,7230,26800,23100,13.0859,19183
std::sort,few_unique,4096,3511,54900,51500,13.4033,42712
std::sort,few_unique,8192,1735,112600,102800,13.7451,93081
std::sort,few_unique,16384,873,225400,205400,13.7573,204848
std::sort,few_unique,32768,430,459100,434100,14.0106,440966
std::sort,few_unique,65536,205,960600,868200,14.6576,957977
std::sort,few_unique,131072,103,1954100,1673600,14.9086,2019326
std::sort,few_unique,262144,51,3903600,3708400,14.8911,4257435
std::sort,few_unique,524288,26,7794500,7438600,14.8668,9140336
std::sort,few_unique,1048576,13,16300400,16044300,15.5453,19085483
std::stable_sort,few_unique,1024,10000,17200,14400,16.7969,9968
std::stable_sort,few_unique,2048,5272,36200,33600,17.6758,21843
std::stable_sort,few_unique,4096,2646,74200,71400,18.1152,47820
std::stable_sort,few_unique,8192,1295,152300,146500,18.5913,103347
std::stable_sort,few_unique,16384,620,315300,300500,19.2444,223004
std::stable_sort,few_unique,32768,299,667300,617200,20.3644,477320
std::stable_sort,few_unique,65536,150,1309200,1229900,19.9768,1018829
std::stable_sort,few_unique,131072,73,2698600,2587600,20.5887,2163786
std::stable_sort,few_unique,262144,36,5658900,5346100,21.587,4582774
std::stable_sort,few_unique,524288,18,11322400,10914600,21.5958,9673022
std::stable_sort,few_unique,1048576,9,23435900,22715600,22.3502,20358277
insertion_sort,few_unique,1024,3254,60000,52500,58.5938,238459
insertion_sort,few_unique,2048,845,219500,199600,107.178,986086
insertion_sort,few_unique,4096,240,824600,772300,201.318,3927393
insertion_sort,few_unique,8192,59,3354500,3178700,409.485,15703660
insertion_sort,few_unique,16384,16,13130800,12652600,801.44,63286187
insertion_sort,few_unique,32768,5,52476500,51503100,1601.46,250973256
textbook::merge_sort,few_unique,1024,2600,69600,66000,67.9688,8779
textbook::merge_sort,few_unique,2048,1360,137700,134000,67.2363,19607
textbook::merge_sort,few_unique,4096,662,293400,272700,71.6309,43149
textbook::merge_sort,few_unique,8192,338,573100,552800,69.9585,94341
textbook::merge_sort,few_unique,16384,165,1199500,1112600,73.2117,205015
textbook::merge_sort,few_unique,32768,85,2327300,2238400,71.0236,441172
textbook::merge_sort,few_unique,65536,44,4588200,4491800,70.0104,945920
textbook::merge_sort,few_unique,131072,22,9392800,9101500,71.6614,2018759
textbook::merge_sort,few_unique,262144,11,19088700,18607000,72.8176,4291677
textbook::merge_sort,few_unique,524288,6,39747500,38221700,75.8123,9089963
textbook::merge_sort,few_unique,1048576,5,80174300,78867300,76.4602,19195806
merge_sort,few_unique,1024,10000,12200,11100,11.9141,12989
merge_sort,few_unique,2048,6699,28600,25200,13.9648,28922
merge_sort,few_unique,4096,3232,60000,58500,14.6484,61121
merge_sort,few_unique,8192,1514,125400,122300,15.3076,130102
merge_sort,few_unique,16384,738,260600,251300,15.9058,276645
merge_sort,few_unique,32768,357,540200,516800,16.4856,586337
merge_sort,few_unique,65536,176,1107100,1063200,16.893,1233989
merge_sort,few_unique,131072,84,2357200,2193400,17.984,2598597
merge_sort,few_unique,262144,42,4776100,4526100,18.2194,5446018
merge_sort,few_unique,524288,20,9933800,9512600,18.9472,11402223
merge_sort,few_unique,1048576,11,20043400,19647700,19.1149,23814262
textbook::quick_sort,few_unique,1024,9901,19300,17600,18.8477,37050
textbook::quick_sort,few_unique,2048,2881,62400,56700,30.4688,140984
textbook::quick_sort,few_unique,4096,988,186400,180600,45.5078,547396
textbook::quick_sort,few_unique,8192,316,585600,571200,71.4844,2129451
textbook::quick_sort,few_unique,16384,94,2004900,1958600,122.369,8456556
textbook::quick_sort,few_unique,32768,26,7617300,7189400,232.462,33681906
quick_sort,few_unique,1024,10000,11800,9900,11.5234,8128
quick_sort,few_unique,2048,7493,25900,17900,12.6465,17813
quick_sort,few_unique,4096,3633,53000,48300,12.9395,41184
quick_sort,few_unique,8192,1825,107200,98400,13.0859,87242
quick_sort,few_unique,16384,876,221300,197000,13.5071,189600
quick_sort,few_unique,32768,444,439800,416100,13.4216,404210
quick_sort,few_unique,65536,217,899900,841300,13.7314,848618
quick_sort,few_unique,131072,103,1858800,1634900,14.1815,1864985
quick_sort,few_unique,262144,48,4139900,3565100,15.7925,3929790
quick_sort,few_unique,524288,25,8156400,7193900,15.5571,8505061
quick_sort,few_unique,1048576,12,16632000,15935900,15.8615,17889683
intro_sort,few_unique,1024,10000,13000,7300,12.6953,8128
intro_sort,few_unique,2048,6867,26000,20400,12.6953,17813
intro_sort,few_unique,4096,3328,53400,40100,13.0371,41184
intro_sort,few_unique,8192,1666,107600,98000,13.1348,87242
intro_sort,few_unique,16384,813,226000,196100,13.7939,189600
intro_sort,few_unique,32768,407,444100,409800,13.5529,404210
intro_sort,few_unique,65536,194,956500,836800,14.595,848618
intro_sort,few_unique,131072,97,1962800,1640100,14.975,1864985
intro_sort,few_unique,262144,49,4078000,3593900,15.5563,3929790
intro_sort,few_unique,524288,25,8218500,7514200,15.6755,8505061
intro_sort,few_unique,1048576,13,16231200,15781000,15.4793,17889683
heap_sort,few_unique,1024,5443,31500,25900,30.7617,16869
heap_sort,few_unique,2048,2606,68900,63900,33.6426,37002
heap_sort,few_unique,4096,1196,149800,139000,36.5723,82033
heap_sort,few_unique,8192,629,311700,292500,38.0493,180055
heap_sort,few_unique,16384,307,639300,581900,39.0198,389187
heap_sort,few_unique,32768,157,1275100,1164800,38.913,840132
heap_sort,few_unique,65536,81,2485000,2337200,37.9181,1800146
heap_sort,few_unique,131072,41,4895400,4527200,37.3489,3851459
heap_sort,few_unique,262144,22,9449400,9124700,36.0466,8183132
heap_sort,few_unique,524288,11,19090700,18637500,36.4126,17353964
heap_sort,few_unique,1048576,5,40236600,39241700,38.3726,36653750
radix_sort,few_unique,1024,10000,1300,1200,1.26953,
radix_sort,few_unique,2048,10000,2400,2300,1.17188,
radix_sort,few_unique,4096,10000,4700,4500,1.14746,
radix_sort,few_unique,8192,10000,9400,9200,1.14746,
radix_sort,few_unique,16384,10000,19100,18300,1.16577,
radix_sort,few_unique,32768,5013,38700,37000,1.18103,
radix_sort,few_unique,65536,2509,75300,72500,1.14899,
radix_sort,few_unique,131072,605,322000,286500,2.45667,
radix_sort,few_unique,262144,330,594600,537000,2.26822,
radix_sort,few_unique,524288,177,1113400,1045900,2.12364,
radix_sort,few_unique,1048576,90,2169200,2067300,2.06871,
std::sort,adversarial,1024,10000,9600,9400,9.375,20027
std::sort,adversarial,2048,8649,21100,20900,10.3027,44799
std::sort,adversarial,4096,3760,47900,46400,11.6943,98962
std::sort,adversarial,8192,1734,106500,104100,13.0005,215951
std::sort,adversarial,16384,829,233000,230400,14.2212,467661
std::sort,adversarial,32768,361,540400,508100,16.4917,1005620
std::stable_sort,adversarial,1024,10000,2800,2500,2.73438,8534
std::stable_sort,adversarial,2048,10000,6000,5600,2.92969,18637
std::stable_sort,adversarial,4096,10000,12900,11600,3.14941,40376
std::stable_sort,adversarial,8192,6246,28200,25700,3.44238,86933
std::stable_sort,adversarial,16384,2844,63300,56100,3.86353,186188
std::stable_sort,adversarial,32768,1405,132600,120600,4.04663,396983
insertion_sort,adversarial,1024,4889,38900,38500,37.9883,175119
insertion_sort,adversarial,2048,1291,147200,146500,71.875,699919
insertion_sort,adversarial,4096,326,584900,567000,142.798,2798095
insertion_sort,adversarial,8192,74,2518200,2302900,307.397,11188751
insertion_sort,adversarial,16384,21,9789200,9157900,597.485,44747279
insertion_sort,adversarial,32768,6,38656500,38041200,1179.7,178973199
textbook::merge_sort,adversarial,1024,3635,49600,49000,48.4375,7392
textbook::merge_sort,adversarial,2048,1700,100000,97900,48.8281,16352
textbook::merge_sort,adversarial,4096,904,202200,196800,49.3652,35808
textbook::merge_sort,adversarial,8192,470,403300,394600,49.231,77792
textbook::merge_sort,adversarial,16384,227,851800,801100,51.9897,167904
textbook::merge_sort,adversarial,32768,115,1680900,1609000,51.297,360416
merge_sort,adversarial,1024,10000,2100,1900,2.05078,6527
merge_sort,adversarial,2048,10000,4400,4200,2.14844,14111
merge_sort,adversarial,4096,10000,9600,9100,2.34375,30303
merge_sort,adversarial,8192,9270,20400,19400,2.49023,64735
merge_sort,adversarial,16384,4047,44200,41700,2.69775,137695
merge_sort,adversarial,32768,2044,92700,88700,2.82898,291807
textbook::quick_sort,adversarial,1024,1597,122500,120400,119.629,262838
textbook::quick_sort,adversarial,2048,486,398500,384500,194.58,1049776
textbook::quick_sort,adversarial,4096,146,1335800,1313800,326.123,4196531
textbook::quick_sort,adversarial,8192,39,5141900,4784000,627.673,16781507
textbook::quick_sort,adversarial,16384,11,19156400,18382100,1169.21,67117231
textbook::quick_sort,adversarial,32768,5,75955000,74121700,2317.96,268452017
quick_sort,adversarial,1024,3366,58300,57800,56.9336,263903
quick_sort,adversarial,2048,890,218100,216900,106.494,1052383
quick_sort,adversarial,4096,229,872500,835200,213.013,4202207
quick_sort,adversarial,8192,56,3483500,3283200,425.232,16793311
quick_sort,adversarial,16384,15,13727100,13268500,837.836,67141343
quick_sort,adversarial,32768,5,53967300,52420500,1646.95,268500703
intro_sort,adversarial,1024,10000,9300,8900,9.08203,36353
intro_sort,adversarial,2048,9145,20100,19300,9.81445,81535
intro_sort,adversarial,4096,1680,112900,98100,27.5635,180686
intro_sort,adversarial,8192,600,328700,301900,40.1245,394987
intro_sort,adversarial,16384,286,689000,639600,42.0532,857005
intro_sort,adversarial,32768,133,1472400,1358500,44.9341,1845550
heap_sort,adversarial,1024,10000,5200,4900,5.07812,16990
heap_sort,adversarial,2048,10000,11900,10800,5.81055,37973
heap_sort,adversarial,4096,1880,101700,77600,24.8291,84051
heap_sort,adversarial,8192,723,268100,251600,32.7271,184313
heap_sort,adversarial,16384,342,576600,555500,35.1929,401408
heap_sort,adversarial,32768,161,1236900,1157200,37.7472,868234
radix_sort,adversarial,1024,10000,1900,1800,1.85547,
radix_sort,adversarial,2048,10000,3600,3300,1.75781,
radix_sort,adversarial,4096,10000,6400,6300,1.5625,
radix_sort,adversarial,8192,10000,12500,12200,1.52588,
radix_sort,adversarial,16384,5189,38200,30600,2.33154,
radix_sort,adversarial,32768,1605,134800,71100,4.11377,
